year,param,trophic_state,mn_value,sd,min,max,n,se,col_group
1993,chla,oligotrophic,0.34375,1.3921293738544513,-1.5,7.1,32,0.2460960301353662,Greater than long-term site average
1993,chla,mesotrophic,0.506,2.5498627414039365,-4,9,50,0.3606050471083287,Greater than long-term site average
1993,chla,eutrophic,-1.1199999999999999,5.731365607264811,-8.6,10.9,30,1.0463994094694107,Less than long-term site average
1993,chla,hypereutrophic,2.1692307692307686,30.86838686572895,-27.8,94.1,13,8.561350125788067,Greater than long-term site average
1993,np_ratio,oligotrophic,-7.5,22.277791632026727,-33,25,6,9.094870349085065,Less than long-term site average
1993,np_ratio,mesotrophic,12.75,59.24706140994915,-21,156,8,20.946999444175425,Greater than long-term site average
1993,np_ratio,eutrophic,-20,12.24744871391589,-30,-5,4,6.123724356957945,Less than long-term site average
1993,total_n,oligotrophic,-40.833333333333336,24.375534182180843,-80,-10,6,9.951270159018787,Less than long-term site average
1993,total_n,mesotrophic,10,87.17797887081348,-95,175,8,30.822070014844883,Greater than long-term site average
1993,total_n,eutrophic,60,163.2865579280793,-170,270,5,73.0239686678285,Greater than long-term site average
1993,total_p,oligotrophic,-0.41935483870967744,3.0851709142108272,-8,11,31,0.5541130538510569,Less than long-term site average
1993,total_p,mesotrophic,-1.510204081632653,4.752729255296336,-20,9,49,0.6789613221851908,Less than long-term site average
1993,total_p,eutrophic,-2.1,6.337355044931383,-13,18,30,1.157037437676028,Less than long-term site average
1993,total_p,hypereutrophic,-2.6,42.97854762036004,-57,99,10,13.59101010063474,Less than long-term site average
1994,chla,oligotrophic,0.22162162162162163,0.6675557135030983,-0.9,1.9,37,0.10974548326981459,Greater than long-term site average
1994,chla,mesotrophic,0.765,2.6488132936103255,-3.9,9.5,60,0.34196032577885355,Greater than long-term site average
1994,chla,eutrophic,-0.9375,5.435528304472156,-8.6,15.6,40,0.8594324864222602,Less than long-term site average
1994,chla,hypereutrophic,2.48,21.94751154818912,-32.5,52.1,20,4.907612775871252,Greater than long-term site average
1994,np_ratio,oligotrophic,-14.1,34.939471470911904,-85,49,10,11.048831009055514,Less than long-term site average
1994,np_ratio,mesotrophic,-3.8823529411764706,22.84152565214607,-54,37,17,5.539883700826681,Less than long-term site average
1994,np_ratio,eutrophic,-8.3,11.025727489225673,-21,13,10,3.486641172628274,Less than long-term site average
1994,np_ratio,hypereutrophic,7.333333333333333,16.041612554021285,-8,24,3,9.26162932629987,Greater than long-term site average
1994,total_n,oligotrophic,-37.083333333333336,47.74260215579017,-85,60,12,13.782102103229333,Less than long-term site average
1994,total_n,mesotrophic,-18.823529411764707,120.73381635550459,-200,310,17,29.282251612804146,Less than long-term site average
1994,total_n,eutrophic,14,110.67469850371805,-165,155,10,34.998412662417834,Greater than long-term site average
1994,total_n,hypereutrophic,-518.75,526.2663299129064,-1295,-125,4,263.1331649564532,Less than long-term site average
1994,total_p,oligotrophic,-1.2162162162162162,2.926271187546203,-7,10,37,0.481076019813441,Less than long-term site average
1994,total_p,mesotrophic,-1.1791044776119404,7.10297712472549,-34,34,67,0.8677667686032595,Less than long-term site average
1994,total_p,eutrophic,1,11.20439474217423,-13,51,40,1.7715703594442807,Greater than long-term site average
1994,total_p,hypereutrophic,-4.7894736842105265,30.88433430176467,-57,77,19,7.085352218943105,Less than long-term site average
1995,chla,oligotrophic,-0.18157894736842106,0.626813159435972,-1.9,1.1,38,0.10168252150716663,Less than long-term site average
1995,chla,mesotrophic,-0.13392857142857142,3.0868210647386554,-4.5,17.8,56,0.4124938156617426,Less than long-term site average
1995,chla,eutrophic,-0.8852941176470587,5.213277475071278,-11.2,10.8,34,0.8940697109300351,Less than long-term site average
1995,chla,hypereutrophic,-0.7571428571428575,30.458292326205214,-47.9,81.1,21,6.646544291615618,Less than long-term site average
1995,np_ratio,oligotrophic,-4.25,22.485180304665857,-28,24,4,11.242590152332928,Less than long-term site average
1995,np_ratio,mesotrophic,3.75,22.29509875670948,-17,40,8,7.882507759046518,Greater than long-term site average
1995,np_ratio,eutrophic,-13.285714285714286,11.131251587524284,-33,-3,7,4.20721764021174,Less than long-term site average
1995,total_n,oligotrophic,10,50.49752469181039,-40,80,4,25.248762345905195,Greater than long-term site average
1995,total_n,mesotrophic,17.5,66.49382355849731,-75,135,8,23.509116772617627,Greater than long-term site average
1995,total_n,eutrophic,97.14285714285714,92.59486769691678,-55,255,7,34.99757037242426,Greater than long-term site average
1995,total_p,oligotrophic,0.1724137931034483,3.306583967926085,-4,9,29,0.6140172281348524,Greater than long-term site average
1995,total_p,mesotrophic,-1.5084745762711864,10.081346518841775,-36,62,59,1.3124795245083305,Less than long-term site average
1995,total_p,eutrophic,-0.11363636363636363,9.76518712020412,-13,35,44,1.4721573493331017,Less than long-term site average
1995,total_p,hypereutrophic,-5.882352941176471,22.915285163349967,-68,30,17,5.557773009978892,Less than long-term site average
1996,chla,oligotrophic,-0.07441860465116279,0.6149305122399773,-1.5,1.2,43,0.0937760239704928,Less than long-term site average
1996,chla,mesotrophic,-0.19838709677419356,1.3432883478257927,-4.7,2.4,62,0.17059779077175174,Less than long-term site average
1996,chla,eutrophic,-1.173913043478261,4.818964147919883,-10.8,13.9,46,0.7105175006096246,Less than long-term site average
1996,chla,hypereutrophic,-5.1695652173913045,13.681322197620332,-31,25.3,23,2.8527528815628544,Less than long-term site average
1996,np_ratio,oligotrophic,-12.25,12.526638282742368,-25,5,4,6.263319141371184,Less than long-term site average
1996,np_ratio,mesotrophic,-0.6666666666666666,17.392527130926087,-17,33,9,5.797509043642029,Less than long-term site average
1996,np_ratio,eutrophic,0.25,20.865213702647353,-28,35,8,7.376967050024207,Greater than long-term site average
1996,np_ratio,hypereutrophic,-4.75,6.34428877022476,-12,3,4,3.17214438511238,Less than long-term site average
1996,total_n,oligotrophic,3.75,6.2915286960589585,-5,10,4,3.1457643480294792,Greater than long-term site average
1996,total_n,mesotrophic,38.333333333333336,41.83300132670378,-15,105,9,13.944333775567927,Greater than long-term site average
1996,total_n,eutrophic,-1.875,122.85117302771559,-255,145,8,43.434448762309785,Less than long-term site average
1996,total_n,hypereutrophic,454,860.7438643406063,-120,1960,5,384.9363583762905,Greater than long-term site average
1996,total_p,oligotrophic,-0.45454545454545453,2.5506238096163494,-7,6,33,0.4440066140028062,Less than long-term site average
1996,total_p,mesotrophic,-1.2121212121212122,5.620060638914992,-11,31,66,0.6917816434383076,Less than long-term site average
1996,total_p,eutrophic,-3.217391304347826,7.72273136332897,-27,22,46,1.138654619067999,Less than long-term site average
1996,total_p,hypereutrophic,3.142857142857143,37.03280399090206,-39,144,21,8.081220356417687,Greater than long-term site average
1997,chla,oligotrophic,0.11891891891891893,0.8030628306115967,-1.7,2.1,37,0.13202271609512017,Greater than long-term site average
1997,chla,mesotrophic,-0.4272727272727273,1.4077451514685653,-3.2,4.1,77,0.16042744896961803,Less than long-term site average
1997,chla,eutrophic,-1.8408163265306123,4.148891336215964,-10.9,10.7,49,0.5926987623165664,Less than long-term site average
1997,chla,hypereutrophic,-1.6529411764705884,22.769884651855914,-35.2,62.7,17,5.522508206043079,Less than long-term site average
1997,np_ratio,oligotrophic,-5.583333333333333,41.757869880654795,-76,81,12,12.054458708190706,Less than long-term site average
1997,np_ratio,mesotrophic,-4.181818181818182,16.497146545867988,-39,35,22,3.517203461402539,Less than long-term site average
1997,np_ratio,eutrophic,2.466666666666667,30.078152172220257,-31,101,15,7.766145496513433,Greater than long-term site average
1997,np_ratio,hypereutrophic,-3.5,8.826097665446492,-14,8,6,3.603239283385623,Less than long-term site average
1997,total_n,oligotrophic,-37.5,33.063300170760606,-75,20,12,9.544552626943018,Less than long-term site average
1997,total_n,mesotrophic,-33.86363636363637,86.04998295815966,-195,105,22,18.34591800906771,Less than long-term site average
1997,total_n,eutrophic,-21.25,135.51752654177244,-255,285,16,33.87938163544311,Less than long-term site average
1997,total_n,hypereutrophic,0,156.39693091617877,-145,240,6,63.848779680324874,Equal to long-term site average
1997,total_p,oligotrophic,2.4444444444444446,4.831116075989329,-3,16,36,0.8051860126648882,Greater than long-term site average
1997,total_p,mesotrophic,1.1046511627906976,6.183524732074345,-17,24,86,0.6667866200316251,Greater than long-term site average
1997,total_p,eutrophic,3.9607843137254903,10.19403901172391,-10,33,51,1.4274509803921567,Greater than long-term site average
1997,total_p,hypereutrophic,3.125,34.284376591399024,-49,112,24,6.998269066528968,Greater than long-term site average
1998,chla,oligotrophic,-0.08409090909090909,1.1072579123973765,-1.8,5,44,0.1669254109806503,Less than long-term site average
1998,chla,mesotrophic,-0.15714285714285714,1.81109603467509,-5.7,5.4,84,0.19760677785078493,Less than long-term site average
1998,chla,eutrophic,1.0529411764705883,8.07706265770364,-12.2,27.4,51,1.1310149977028754,Greater than long-term site average
1998,chla,hypereutrophic,4.013636363636364,16.34530063393919,-21.4,41.2,22,3.4848298042036485,Greater than long-term site average
1998,np_ratio,oligotrophic,27.2,36.1828688746484,-24,66,5,16.181470884935027,Greater than long-term site average
1998,np_ratio,mesotrophic,-5.888888888888889,9.27960727138337,-26,4,9,3.0932024237944566,Less than long-term site average
1998,np_ratio,eutrophic,-2,5.131601439446884,-11,4,7,1.9395630337539334,Less than long-term site average
1998,np_ratio,hypereutrophic,-4.25,9.215023964519391,-13,6,4,4.6075119822596955,Less than long-term site average
1998,total_n,oligotrophic,39,127.93553063945919,-45,260,5,57.214508649467575,Greater than long-term site average
1998,total_n,mesotrophic,-15,65.66962768281849,-80,135,9,21.88987589427283,Less than long-term site average
1998,total_n,eutrophic,61.875,125.35485345894783,-75,335,8,44.31963346773397,Greater than long-term site average
1998,total_n,hypereutrophic,159.16666666666666,154.12386793312277,-125,325,6,62.92080560337557,Greater than long-term site average
1998,total_p,oligotrophic,-1.2173913043478262,4.337537233155683,-6,16,23,0.9044390346222027,Less than long-term site average
1998,total_p,mesotrophic,-0.9538461538461539,5.176360839282897,-13,29,65,0.6420485428384265,Less than long-term site average
1998,total_p,eutrophic,1.2105263157894737,7.784801182126278,-10,32,38,1.262861510984965,Greater than long-term site average
1998,total_p,hypereutrophic,3.5789473684210527,32.49327415784805,-79,61,19,7.454468336780069,Greater than long-term site average
1999,chla,oligotrophic,-0.10666666666666667,0.6475158964521196,-1.4,2.3,60,0.08359394277878751,Less than long-term site average
1999,chla,mesotrophic,0.17727272727272728,2.389205647172318,-4.2,16.6,154,0.19252767762705741,Greater than long-term site average
1999,chla,eutrophic,1.181081081081081,7.355227127245365,-12.7,29.5,111,0.6981272638400622,Greater than long-term site average
1999,chla,hypereutrophic,0.23666666666666647,23.451199389561907,-53.8,83.5,90,2.471973464458865,Greater than long-term site average
1999,np_ratio,oligotrophic,-7.333333333333333,25.92204430503854,-56,60,15,6.693043059537672,Less than long-term site average
1999,np_ratio,mesotrophic,3.2,29.337599370809215,-24,104,20,6.560086648978446,Greater than long-term site average
1999,np_ratio,eutrophic,-0.3333333333333333,12.19040854959589,-19,24,12,3.5190678288203516,Less than long-term site average
1999,np_ratio,hypereutrophic,-7.25,7.851296526234195,-19,7,8,2.775852507403292,Less than long-term site average
1999,total_n,oligotrophic,-23.333333333333332,54.532646403870075,-150,65,15,14.080268756453771,Less than long-term site average
1999,total_n,mesotrophic,42.17391304347826,166.29537034333956,-105,605,23,34.6749817075457,Greater than long-term site average
1999,total_n,eutrophic,32.10526315789474,185.9384290973888,-375,360,19,42.65720116611686,Greater than long-term site average
1999,total_n,hypereutrophic,-71.84210526315789,287.51430170377705,-820,295,19,65.96030452365412,Less than long-term site average
1999,total_p,oligotrophic,-1,2.2196462034055524,-5,4,42,0.3424988449161156,Less than long-term site average
1999,total_p,mesotrophic,-1.1777777777777778,5.937081675913421,-28,23,90,0.6258233583445352,Less than long-term site average
1999,total_p,eutrophic,-0.74,5.756309758935522,-11,21,50,0.8140651330307217,Less than long-term site average
1999,total_p,hypereutrophic,-2.1724137931034484,32.76111476116295,-109,95,29,6.08358628463136,Less than long-term site average
2000,chla,oligotrophic,-0.06060606060606061,0.6802440258700805,-1.1,2.2,66,0.08373225137413198,Less than long-term site average
2000,chla,mesotrophic,0.06886227544910178,2.104267156054623,-5.4,11.1,167,0.16283308128136034,Greater than long-term site average
2000,chla,eutrophic,0.05737704918032788,7.957655683199762,-14.7,45.2,122,0.7204522940279778,Greater than long-term site average
2000,chla,hypereutrophic,1.939,22.338587780797695,-97.3,79.7,100,2.2338587780797696,Greater than long-term site average
2000,np_ratio,oligotrophic,2.2,37.64099420106282,-93,44,10,11.903127506854846,Greater than long-term site average
2000,np_ratio,mesotrophic,-0.23809523809523808,15.754062212346255,-31,28,21,3.4378182186247708,Less than long-term site average
2000,np_ratio,eutrophic,-3.4166666666666665,10.68948789770359,-35,5,12,3.0857893576192073,Less than long-term site average
2000,np_ratio,hypereutrophic,-1.4285714285714286,11.443442705426587,-16,17,7,4.325214791567846,Less than long-term site average
2000,total_n,oligotrophic,-16.25,104.49282272003182,-310,80,12,30.16447966289711,Less than long-term site average
2000,total_n,mesotrophic,15.476190476190476,102.0037347588896,-105,390,21,22.259039795276653,Greater than long-term site average
2000,total_n,eutrophic,-2.7777777777777777,195.11099572703424,-260,545,18,45.988102720881805,Less than long-term site average
2000,total_n,hypereutrophic,216.875,623.1074679914105,-405,2110,16,155.77686699785264,Greater than long-term site average
2000,total_p,oligotrophic,-0.6739130434782609,3.6151185493153424,-14,16,46,0.5330201506429081,Less than long-term site average
2000,total_p,mesotrophic,-0.29347826086956524,2.327749672534346,-5,6,92,0.2426846795200234,Less than long-term site average
2000,total_p,eutrophic,-0.2777777777777778,7.238306553400891,-27,17,54,0.9850087587597633,Less than long-term site average
2000,total_p,hypereutrophic,0.52,23.050885738585695,-27,80,25,4.610177147717139,Greater than long-term site average
2001,chla,oligotrophic,-0.09824561403508772,0.46309950645860715,-1.2,0.9,57,0.061339028084527736,Less than long-term site average
2001,chla,mesotrophic,0.1020979020979021,2.3155466160698968,-3.2,21.7,143,0.1936357356487408,Greater than long-term site average
2001,chla,eutrophic,0.9491071428571428,6.912555433343563,-10.8,31.9,112,0.6531750928776925,Greater than long-term site average
2001,chla,hypereutrophic,2.4521276595744683,23.5937559113642,-101.4,108.6,94,2.433510112602504,Greater than long-term site average
2001,np_ratio,oligotrophic,-22.583333333333332,69.60989785072148,-205,85,12,20.0946466311882,Less than long-term site average
2001,np_ratio,mesotrophic,-10,23.874672772626646,-47,62,22,5.090097337879788,Less than long-term site average
2001,np_ratio,eutrophic,3.066666666666667,33.786021341602776,-71,93,15,8.723513199375727,Greater than long-term site average
2001,np_ratio,hypereutrophic,-1,8.888194417315589,-13,11,7,3.3594217189442417,Less than long-term site average
2001,total_n,oligotrophic,27.857142857142858,143.12063612042982,-205,430,14,38.25059895284226,Greater than long-term site average
2001,total_n,mesotrophic,0.38461538461538464,86.63628658850837,-155,225,26,16.99077368846235,Greater than long-term site average
2001,total_n,eutrophic,13.75,191.68830922812387,-300,300,20,42.86280899260852,Greater than long-term site average
2001,total_n,hypereutrophic,106.9047619047619,527.2273612742329,-725,1805,21,115.05044245195245,Greater than long-term site average
2001,total_p,oligotrophic,0.8125,3.6881422989116452,-3,19,48,0.5323374872715709,Greater than long-term site average
2001,total_p,mesotrophic,0.09090909090909091,3.718403165574096,-13,15,110,0.35453583101072844,Greater than long-term site average
2001,total_p,eutrophic,-1.3818181818181818,7.541222292840443,-19,24,55,1.0168582065275524,Less than long-term site average
2001,total_p,hypereutrophic,-1.0434782608695652,19.217601451107182,-36,45,23,4.0071469061600045,Less than long-term site average
2002,chla,oligotrophic,-0.009523809523809521,0.6023379947403569,-1.3,2.2,63,0.07588745425182455,Less than long-term site average
2002,chla,mesotrophic,-0.44098360655737706,2.2523036106783723,-4.6,17.9,183,0.16649507376612396,Less than long-term site average
2002,chla,eutrophic,-0.8016666666666666,5.2993892677028605,-11.4,16.7,120,0.48376584048694,Less than long-term site average
2002,chla,hypereutrophic,-4.812068965517241,19.499142256151607,-67.9,78.5,116,1.8104499077092575,Less than long-term site average
2002,np_ratio,oligotrophic,17.63157894736842,51.454629989617274,-104,99,19,11.804501700106261,Greater than long-term site average
2002,np_ratio,mesotrophic,42.88,89.62482914907007,-23,425,25,17.924965829814013,Greater than long-term site average
2002,np_ratio,eutrophic,15.333333333333334,34.44689006708904,-13,132,18,8.11920985240873,Greater than long-term site average
2002,np_ratio,hypereutrophic,4.666666666666667,18.79232596438012,-15,46,12,5.424877227117028,Greater than long-term site average
2002,total_n,oligotrophic,40.45454545454545,96.96475907341028,-215,175,22,20.672956095700247,Greater than long-term site average
2002,total_n,mesotrophic,40.88235294117647,83.5977978200174,-150,235,34,14.336904047162493,Greater than long-term site average
2002,total_n,eutrophic,36,158.64005379054393,-220,615,25,31.728010758108788,Greater than long-term site average
2002,total_n,hypereutrophic,-84,238.4716964337697,-900,255,25,47.69433928675394,Less than long-term site average
2002,total_p,oligotrophic,-0.4666666666666667,2.3798395667851993,-8,5,45,0.35476553645835707,Less than long-term site average
2002,total_p,mesotrophic,0.26732673267326734,3.1902698604002477,-13,17,101,0.3174437157904277,Greater than long-term site average
2002,total_p,eutrophic,-0.2553191489361702,7.02624918525674,-9,38,47,1.024883777669563,Less than long-term site average
2002,total_p,hypereutrophic,2.45,19.397436075826864,-40,50,20,4.337398565475563,Greater than long-term site average
2003,chla,oligotrophic,0.003030303030303027,0.6241226942910645,-1.2,2.6,66,0.0768241929943254,Greater than long-term site average
2003,chla,mesotrophic,0.02258064516129032,1.5477012793875826,-4.7,6.8,186,0.11348296376852324,Greater than long-term site average
2003,chla,eutrophic,0.4684210526315789,5.424109596263769,-14.8,22.7,133,0.4703299506711763,Greater than long-term site average
2003,chla,hypereutrophic,1.9170940170940172,20.53424931500394,-63,104.3,117,1.8983920207284102,Greater than long-term site average
2003,np_ratio,oligotrophic,31.61904761904762,196.88612855924518,-98,878,21,42.964075590930854,Greater than long-term site average
2003,np_ratio,mesotrophic,-5.466666666666667,26.122698985726007,-81,65,30,4.769330499133153,Less than long-term site average
2003,np_ratio,eutrophic,2.090909090909091,19.899531200290674,-40,62,22,4.242594307042792,Greater than long-term site average
2003,np_ratio,hypereutrophic,-5.230769230769231,7.131547823507486,-19,6,13,1.977935488544604,Less than long-term site average
2003,total_n,oligotrophic,6.428571428571429,96.51609784309115,-140,320,21,21.061539245129964,Greater than long-term site average
2003,total_n,mesotrophic,-31.176470588235293,71.66905024432339,-160,115,34,12.291140715408838,Less than long-term site average
2003,total_n,eutrophic,-22.5,148.65343866721082,-255,430,30,27.140280536247353,Less than long-term site average
2003,total_n,hypereutrophic,55.370370370370374,376.785303909488,-335,1610,27,72.51236554627928,Greater than long-term site average
2003,total_p,oligotrophic,0.5,2.4454840332463315,-3,8,52,0.33912761827685123,Greater than long-term site average
2003,total_p,mesotrophic,0.08928571428571429,3.0419101734300935,-10,7,112,0.28743349391047807,Greater than long-term site average
2003,total_p,eutrophic,-2.4,7.317856271351827,-21,19,50,1.0349011586442762,Less than long-term site average
2003,total_p,hypereutrophic,0.76,36.09741449651669,-84,117,25,7.219482899303339,Greater than long-term site average
2004,chla,oligotrophic,0.06,0.8626551530266763,-1.6,5.1,70,0.10310701188872227,Greater than long-term site average
2004,chla,mesotrophic,-0.0010050251256281393,1.7257113874874654,-3.3,11.5,199,0.12233243678587218,Less than long-term site average
2004,chla,eutrophic,-0.26834532374100717,5.354965675626107,-14.8,24,139,0.45420226048822904,Less than long-term site average
2004,chla,hypereutrophic,-0.06637931034482762,19.376933593122104,-54.5,85,116,1.799103118204543,Less than long-term site average
2004,np_ratio,oligotrophic,5.888888888888889,41.24149744021319,-55,64,9,13.747165813404395,Greater than long-term site average
2004,np_ratio,mesotrophic,-4.277777777777778,25.88164363258607,-74,48,18,6.100361906951747,Less than long-term site average
2004,np_ratio,eutrophic,5.583333333333333,13.60787428014539,-23,30,12,3.9282549393702633,Greater than long-term site average
2004,np_ratio,hypereutrophic,3.625,15.900920907742599,-14,36,8,5.621824500487872,Greater than long-term site average
2004,total_n,oligotrophic,-2.7777777777777777,57.342780229462576,-85,120,9,19.114260076487525,Less than long-term site average
2004,total_n,mesotrophic,-13.863636363636363,79.53633219182375,-105,225,22,16.95720299959462,Less than long-term site average
2004,total_n,eutrophic,33.421052631578945,108.89664610153861,-160,295,19,24.982603981427324,Greater than long-term site average
2004,total_n,hypereutrophic,76.95652173913044,166.3221076052756,-220,455,23,34.68055681205178,Greater than long-term site average
2004,total_p,oligotrophic,0.6,3.077237032648288,-14,11,50,0.4351870346207947,Greater than long-term site average
2004,total_p,mesotrophic,0.018518518518518517,3.376614135246349,-19,10,108,0.32491484665566245,Greater than long-term site average
2004,total_p,eutrophic,-0.9811320754716981,5.0970978395619175,-16,11,53,0.7001402337438695,Less than long-term site average
2004,total_p,hypereutrophic,-6.125,20.048446757574624,-44,29,24,4.092372057617809,Less than long-term site average
2005,chla,oligotrophic,-0.012857142857142859,0.5383607509251078,-1.2,1.8,70,0.06434641716484364,Less than long-term site average
2005,chla,mesotrophic,0.05641025641025641,1.8045467877482742,-4.4,11.6,195,0.12922627956066185,Greater than long-term site average
2005,chla,eutrophic,0.7731034482758621,5.232726280773906,-11.8,20.7,145,0.43455426493014504,Greater than long-term site average
2005,chla,hypereutrophic,-0.6396825396825397,20.843309063064165,-60.4,125.6,126,1.8568695552530063,Less than long-term site average
2005,np_ratio,oligotrophic,-5.3,29.149523784139344,-54,44,20,6.518031669308248,Less than long-term site average
2005,np_ratio,mesotrophic,-14.483870967741936,23.613373283998676,-75,59,31,4.24108704054356,Less than long-term site average
2005,np_ratio,eutrophic,0.9545454545454546,21.422011983065396,-42,38,22,4.567188300568013,Greater than long-term site average
2005,np_ratio,hypereutrophic,0.5384615384615384,16.470252905442308,-29,40,13,4.568026259263999,Greater than long-term site average
2005,total_n,oligotrophic,-32.75,61.952337367230605,-150,50,20,13.852963771812798,Less than long-term site average
2005,total_n,mesotrophic,-43.611111111111114,138.3453810014792,-330,515,36,23.057563500246534,Less than long-term site average
2005,total_n,eutrophic,-16.93548387096774,136.37984589224098,-355,235,31,24.494543411840958,Less than long-term site average
2005,total_n,hypereutrophic,-20.185185185185187,249.05776855936872,-385,570,27,47.931189907173014,Less than long-term site average
2005,total_p,oligotrophic,-0.8431372549019608,2.2214639229085655,-5,9,51,0.31106716886355984,Less than long-term site average
2005,total_p,mesotrophic,-0.21904761904761905,3.4723660531870784,-22,9,105,0.338868228460928,Less than long-term site average
2005,total_p,eutrophic,-1.6545454545454545,6.658934910435312,-25,17,55,0.8978906001534338,Less than long-term site average
2005,total_p,hypereutrophic,0.84,31.105572919762572,-83,62,25,6.221114583952515,Greater than long-term site average
2006,chla,oligotrophic,0.04000000000000001,0.7063685452645314,-2.3,1.9,70,0.08442718940340846,Greater than long-term site average
2006,chla,mesotrophic,0.2869791666666667,1.5431616554501535,-3.7,7.7,192,0.11136809964715684,Greater than long-term site average
2006,chla,eutrophic,1.2916083916083916,6.227715161056503,-15.7,34.8,143,0.5207877044033523,Greater than long-term site average
2006,chla,hypereutrophic,3.4368852459016392,21.038803978904212,-66.7,129.5,122,1.9047638140724001,Greater than long-term site average
2006,np_ratio,oligotrophic,7.391304347826087,50.33951920386099,-119,100,23,10.496515350707938,Greater than long-term site average
2006,np_ratio,mesotrophic,23.03030303030303,63.045858730215606,-43,333,33,10.974875305470002,Greater than long-term site average
2006,np_ratio,eutrophic,6.2272727272727275,32.40066404108148,-61,125,22,6.907844783956039,Greater than long-term site average
2006,np_ratio,hypereutrophic,12.125,8.236460751699465,-2,22,8,2.9120286252517698,Greater than long-term site average
2006,total_n,oligotrophic,44.130434782608695,90.12178848032967,-225,195,23,18.791691918751575,Greater than long-term site average
2006,total_n,mesotrophic,112.16216216216216,234.08373543498317,-130,1285,37,38.48312905016641,Greater than long-term site average
2006,total_n,eutrophic,-5.5,175.79548266135262,-520,355,30,32.095717120377046,Less than long-term site average
2006,total_n,hypereutrophic,22.5,231.21606684055803,-305,680,24,47.196782007718056,Greater than long-term site average
2006,total_p,oligotrophic,0.11538461538461539,2.2893945269766918,-11,6,52,0.31748189833773416,Greater than long-term site average
2006,total_p,mesotrophic,1.0660377358490567,8.200196127648153,-30,71,106,0.7964734567341435,Greater than long-term site average
2006,total_p,eutrophic,1.3214285714285714,8.17558925951272,-18,26,56,1.0925090694316237,Greater than long-term site average
2006,total_p,hypereutrophic,-15,33.163376242619265,-104,52,22,7.070455571697059,Less than long-term site average
2007,chla,oligotrophic,0.008333333333333331,0.6465794396293564,-1.5,2.4,60,0.0834730467228207,Greater than long-term site average
2007,chla,mesotrophic,0.2392857142857143,1.5295115150807974,-4.5,7.1,168,0.11800437529128084,Greater than long-term site average
2007,chla,eutrophic,1.5316666666666667,5.965150661044831,-15,24.2,120,0.5445412626618512,Greater than long-term site average
2007,chla,hypereutrophic,8.394117647058824,24.896733480238765,-62.9,138.1,119,2.2822798162246825,Greater than long-term site average
2007,np_ratio,oligotrophic,-11.833333333333334,78.4925998760018,-276,91,18,18.500883215094415,Less than long-term site average
2007,np_ratio,mesotrophic,8.928571428571429,30.681069771571565,-49,82,28,5.798177183785689,Greater than long-term site average
2007,np_ratio,eutrophic,-4.388888888888889,20.442570601821522,-58,37,18,4.818360099144254,Less than long-term site average
2007,np_ratio,hypereutrophic,3.7142857142857144,13.683497185957076,-8,33,7,5.17187580281351,Greater than long-term site average
2007,total_n,oligotrophic,18.88888888888889,103.81765059547148,-165,235,18,24.4700549143045,Greater than long-term site average
2007,total_n,mesotrophic,24.677419354838708,121.64110793553694,-300,270,31,21.847387929633637,Greater than long-term site average
2007,total_n,eutrophic,12,160.7534343852929,-175,475,25,32.15068687705858,Greater than long-term site average
2007,total_n,hypereutrophic,65.65217391304348,968.2602772121128,-3150,2985,23,201.8962243576245,Greater than long-term site average
2007,total_p,oligotrophic,-0.05405405405405406,2.3563854847101213,-4,9,37,0.3873873873873874,Less than long-term site average
2007,total_p,mesotrophic,-1.4545454545454546,4.11846117962016,-28,4,77,0.46934221015615385,Less than long-term site average
2007,total_p,eutrophic,-0.25,6.66720427939821,-14,23,32,1.178606339379611,Less than long-term site average
2007,total_p,hypereutrophic,0.7333333333333333,34.143534561918926,-67,79,15,8.81582271593129,Greater than long-term site average
2008,chla,oligotrophic,0.10491803278688525,0.6028892185435609,-0.9,2,61,0.0771920544874994,Greater than long-term site average
2008,chla,mesotrophic,0.0639751552795031,1.8612345632345435,-4.5,12,161,0.14668583277370312,Greater than long-term site average
2008,chla,eutrophic,-0.3323308270676692,4.624695712712227,-11.5,12.3,133,0.4010119758508227,Less than long-term site average
2008,chla,hypereutrophic,-0.2836206896551723,18.871915844613575,-53.3,100,116,1.7522133974071907,Less than long-term site average
2008,np_ratio,oligotrophic,-5.545454545454546,31.77259566824586,-74,53,22,6.773940156947182,Less than long-term site average
2008,np_ratio,mesotrophic,-5.258064516129032,27.273879741045867,-50,85,31,4.89853340833248,Less than long-term site average
2008,np_ratio,eutrophic,-7.4,18.0624647149537,-57,12,20,4.038889894382783,Less than long-term site average
2008,np_ratio,hypereutrophic,-2.3,6.219146064997813,-12,10,10,1.9666666666666666,Less than long-term site average
2008,total_n,oligotrophic,4.090909090909091,63.351558097807775,-155,90,22,13.50659756869669,Greater than long-term site average
2008,total_n,mesotrophic,-40.78125,68.81613388049392,-205,85,32,12.165088730484642,Less than long-term site average
2008,total_n,eutrophic,3.1481481481481484,120.22533449373745,-335,230,27,23.137376411124038,Greater than long-term site average
2008,total_n,hypereutrophic,-35,329.16960913630436,-1010,780,20,73.60456221558124,Less than long-term site average
2008,total_p,oligotrophic,0.3076923076923077,2.6670883607197267,-4,12,39,0.4270759352370861,Greater than long-term site average
2008,total_p,mesotrophic,-0.2987012987012987,4.762973792056186,-26,16,77,0.5427912390048706,Less than long-term site average
2008,total_p,eutrophic,1.5,5.8133356857205305,-7,17,40,0.919169078500683,Greater than long-term site average
2008,total_p,hypereutrophic,6.2105263157894735,36.13951199843988,-82,110,19,8.290972666846056,Greater than long-term site average
2009,chla,oligotrophic,-0.041509433962264156,0.6165767661557926,-1.6,1.5,53,0.08469333231681864,Less than long-term site average
2009,chla,mesotrophic,-0.431875,1.676488238689854,-5.2,7.2,160,0.13253803261859898,Less than long-term site average
2009,chla,eutrophic,-1.9278195488721803,4.9735109448663986,-13.5,15,133,0.431258092383098,Less than long-term site average
2009,chla,hypereutrophic,-6.326229508196722,21.942862704816523,-90.8,78.5,122,1.98661344528912,Less than long-term site average
2009,np_ratio,oligotrophic,-25.285714285714285,85.05477226889909,-359,56,21,18.56047295902195,Less than long-term site average
2009,np_ratio,mesotrophic,-13.692307692307692,24.42092419343581,-76,30,26,4.789337269319205,Less than long-term site average
2009,np_ratio,eutrophic,-7.0588235294117645,15.376404766050214,-42,23,17,3.729325940745638,Less than long-term site average
2009,np_ratio,hypereutrophic,-0.5454545454545454,9.585026200941094,-18,14,11,2.8899941376588427,Less than long-term site average
2009,total_n,oligotrophic,-13.333333333333334,93.46567997577151,-150,160,21,20.3958834937853,Less than long-term site average
2009,total_n,mesotrophic,-59.285714285714285,75.93508784572232,-280,50,28,14.350382730258906,Less than long-term site average
2009,total_n,eutrophic,-13.75,139.0358883917011,-305,420,24,28.380581874518217,Less than long-term site average
2009,total_n,hypereutrophic,25.76923076923077,208.25317432246888,-460,625,26,40.84180767838111,Greater than long-term site average
2009,total_p,oligotrophic,0.4117647058823529,2.2712651268164037,-3,6,34,0.38951875573253414,Greater than long-term site average
2009,total_p,mesotrophic,-0.7313432835820896,4.367865054914887,-30,4,67,0.5336196467822744,Less than long-term site average
2009,total_p,eutrophic,0.8333333333333334,5.739586844264763,-9,18,36,0.9565978073774605,Greater than long-term site average
2009,total_p,hypereutrophic,14.636363636363637,66.48991721237958,-58,297,22,14.175697980104559,Greater than long-term site average
2010,chla,oligotrophic,0.037037037037037035,0.6634092326182465,-1.6,2.6,54,0.09027856169811412,Greater than long-term site average
2010,chla,mesotrophic,0.005487804878048784,1.5871900179955138,-4,5.7,164,0.12393871797120189,Greater than long-term site average
2010,chla,eutrophic,0.2022900763358779,5.734101306406396,-11.2,35.6,131,0.5009907572712625,Greater than long-term site average
2010,chla,hypereutrophic,-1.5825,20.137926351317617,-76,84.7,120,1.8383327539990606,Less than long-term site average
2010,np_ratio,oligotrophic,28.705882352941178,151.2885342259462,-63,602,17,36.69285920932052,Greater than long-term site average
2010,np_ratio,mesotrophic,-9.777777777777779,26.66650640977487,-58,55,27,5.131971551343467,Less than long-term site average
2010,np_ratio,eutrophic,5.235294117647059,27.072886371249524,-22,98,17,6.566139417588624,Greater than long-term site average
2010,np_ratio,hypereutrophic,2.2222222222222223,8.856886837057615,-16,13,9,2.9522956123525383,Greater than long-term site average
2010,total_n,oligotrophic,-9.705882352941176,73.36702657349072,-215,100,17,17.794117647058822,Less than long-term site average
2010,total_n,mesotrophic,-15.166666666666666,127.37051121211998,-305,400,30,23.254567383947595,Less than long-term site average
2010,total_n,eutrophic,-30.6,131.61908422920033,-205,295,25,26.323816845840064,Less than long-term site average
2010,total_n,hypereutrophic,-91.25,349.64034316025004,-1035,540,24,71.37003618618526,Less than long-term site average
2010,total_p,oligotrophic,0.375,2.472428608839182,-4,6,32,0.43706775882745186,Greater than long-term site average
2010,total_p,mesotrophic,0.7361111111111112,7.338866350562879,-26,37,72,0.8648936937841304,Greater than long-term site average
2010,total_p,eutrophic,1.5,7.034712466560342,-11,28,40,1.1122857039355882,Greater than long-term site average
2010,total_p,hypereutrophic,-3.85,28.881381728136134,-69,61,20,6.458073282823274,Less than long-term site average
2011,chla,oligotrophic,-0.15161290322580645,0.4350256450233216,-1,0.9,31,0.07813291236380625,Less than long-term site average
2011,chla,mesotrophic,0.09999999999999999,2.1452201977814997,-4.3,14.6,133,0.18601418203208428,Greater than long-term site average
2011,chla,eutrophic,-0.9486238532110092,7.440089290071764,-14.8,52,109,0.7126313086423112,Less than long-term site average
2011,chla,hypereutrophic,-7.4284403669724774,18.03975595087817,-70,46.6,109,1.7278952428725798,Less than long-term site average
2011,np_ratio,oligotrophic,-40.4,25.52057993071474,-69,1,5,11.413150310059006,Less than long-term site average
2011,np_ratio,mesotrophic,-33.90909090909091,21.72305017926601,-80,-9,11,6.549746067880724,Less than long-term site average
2011,np_ratio,eutrophic,-17,9.848857801796104,-25,-6,3,5.686240703077327,Less than long-term site average
2011,np_ratio,hypereutrophic,-0.3333333333333333,11.060440015358038,-12,10,3,6.385748020222672,Less than long-term site average
2011,total_n,oligotrophic,-55,71.67635593415726,-145,25,5,32.05464084964921,Less than long-term site average
2011,total_n,mesotrophic,-37.142857142857146,73.32001211009295,-130,160,14,19.595597493577436,Less than long-term site average
2011,total_n,eutrophic,-148.33333333333334,93.77499666755526,-250,80,9,31.25833222251842,Less than long-term site average
2011,total_n,hypereutrophic,-206.5625,328.90078924603796,-1195,150,16,82.22519731150949,Less than long-term site average
2011,total_p,oligotrophic,0.8461538461538461,1.214231845389905,-1,4,13,0.3367673214503512,Greater than long-term site average
2011,total_p,mesotrophic,5.2105263157894735,17.698920252204182,-2,108,38,2.871143995792597,Greater than long-term site average
2011,total_p,eutrophic,2.7,9.857404377047315,-8,35,20,2.2041826268781763,Greater than long-term site average
2011,total_p,hypereutrophic,-7.7272727272727275,38.278168475231176,-97,56,11,11.541302044941116,Less than long-term site average
2012,chla,oligotrophic,-0.06363636363636364,0.559057648678072,-0.7,1.2,11,0.16856222334940846,Less than long-term site average
2012,chla,mesotrophic,-0.46956521739130436,1.3798183612293564,-4.7,3.8,92,0.1438560085484662,Less than long-term site average
2012,chla,eutrophic,-1.4607142857142856,5.463394457818433,-13.7,18.9,84,0.596105206056076,Less than long-term site average
2012,chla,hypereutrophic,3.711627906976744,23.79890960727428,-85.9,86.3,86,2.566302422170339,Greater than long-term site average
2012,total_n,mesotrophic,-45,36.05551275463989,-85,-15,3,20.81665999466133,Less than long-term site average
2012,total_n,eutrophic,-43.333333333333336,133.62883920272103,-160,200,6,54.553745161181304,Less than long-term site average
2012,total_n,hypereutrophic,-161.53846153846155,342.9491253292572,-1060,170,13,95.11697355770484,Less than long-term site average
2012,total_p,oligotrophic,0,4.049691346263317,-6,5,6,1.653279569018299,Equal to long-term site average
2012,total_p,mesotrophic,4.333333333333333,14.183669151113026,-3,60,18,3.343122879619488,Greater than long-term site average
2012,total_p,eutrophic,8.666666666666666,12.599603168354152,-3,31,9,4.199867722784718,Greater than long-term site average
2012,total_p,hypereutrophic,-7.5,25.877918514955304,-37,24,4,12.938959257477652,Less than long-term site average
2013,chla,mesotrophic,0.14444444444444443,0.6267198558987722,-0.8,1.2,9,0.20890661863292406,Greater than long-term site average
2013,chla,eutrophic,7.62,11.957926241618987,-2.2,28.2,5,5.347747189237726,Greater than long-term site average
2013,chla,hypereutrophic,8.3,33.143023398597784,-10.4,67.2,5,14.82201065982615,Greater than long-term site average
2013,total_p,mesotrophic,8.75,40.433484473474046,-9,160,16,10.108371118368511,Greater than long-term site average
2013,total_p,eutrophic,0.5,7.764387566686396,-10,17,8,2.7451255500822334,Greater than long-term site average
2013,total_p,hypereutrophic,23.555555555555557,56.1829847709943,-37,162,9,18.727661590331433,Greater than long-term site average
